time,p_bh
3600,18763153.403519
86400,18782227.242245
2592000,18708139.947449
