time,p_bh
3600,18837157.074717
86400,18745525.147975
2592000,18650071.057224
157680000,18532535.682418
