time,p_bh,pf_wellbore
3600,18992337.074494,18992337.074494
86400,18894313.996463,18894313.996463
2592000,18789397.815775,18789397.815775
157680000,18660278.364122,18660278.364122
