time,p_bh,pf_wellbore
3600,18801931.715223,18801931.715223
86400,18822111.616385,18822111.616385
2592000,18778715.661909,18778715.661909
157680000,18698127.359028,18698127.359028
