time,p_bh,pf_wellbore
3600,18744619.538609,18744619.538609
86400,18766017.187587,18766017.187587
2592000,18727839.37312,18727839.37312
157680000,18702696.796334,18702696.796334
