time,p_bh,pf_wellbore
3600,18758454.761877,18758454.761877
86400,18773814.683263,18773814.683263
2592000,18714391.71011,18714391.71011
157680000,18645395.104938,18645395.104938
