time,p_bh,pf_wellbore
3600,18808766.665082,18808766.665082
86400,18846378.506363,18846378.506363
2592000,18802928.871043,18802928.871043
157680000,18700506.075903,18700506.075903
