time,p_bh
3600,18922767.81054
86400,18805638.619126
2592000,18691634.683174
157680000,18554753.4073
