time,p_bh
3600,18910139.38755
86400,18803636.422059
2592000,18690970.443264
157680000,18553857.146974
